<?xml version="1.0" encoding="UTF-8"?>
<InvoiceData xmlns="http://schemas.nav.gov.hu/OSA/2.0/data" xmlns:xsi="http://www.w3.org/2001/XMLSchema-instance" xsi:schemaLocation="http://schemas.nav.gov.hu/OSA/2.0/data invoiceData.xsd">
	<invoiceNumber>2020/000123</invoiceNumber>
	<invoiceIssueDate>2020-05-15</invoiceIssueDate>
	<invoiceMain>
		<invoice>
			<invoiceHead>
				<supplierInfo>
					<supplierTaxNumber>
						<taxpayerId>11111111</taxpayerId>
						<vatCode>2</vatCode>
						<countyCode>42</countyCode>
					</supplierTaxNumber>
					<supplierName>Szállító Kft</supplierName>
					<supplierAddress>
						<detailedAddress>
							<countryCode>HU</countryCode>
							<postalCode>1111</postalCode>
							<city>Budapest</city>
							<streetName>Példa</streetName>
							<publicPlaceCategory>utca</publicPlaceCategory>
							<number>777</number>
							<floor>1.</floor>
							<door>3.</door>
						</detailedAddress>
					</supplierAddress>
					<supplierBankAccountNumber>88888888-66666666-12345678</supplierBankAccountNumber>
				</supplierInfo>
				<customerInfo>
					<customerTaxNumber>
						<taxpayerId>33333333</taxpayerId>
						<vatCode>2</vatCode>
						<countyCode>02</countyCode>
					</customerTaxNumber>
					<customerName>Vevő Kft</customerName>
					<customerAddress>
						<detailedAddress>
							<countryCode>HU</countryCode>
							<postalCode>7600</postalCode>
							<city>Pécs</city>
							<streetName>Kitalált</streetName>
							<publicPlaceCategory>köz</publicPlaceCategory>
							<number>8</number>
						</detailedAddress>
					</customerAddress>
				</customerInfo>
				<invoiceDetail>
					<invoiceCategory>NORMAL</invoiceCategory>
					<invoiceDeliveryDate>2020-05-10</invoiceDeliveryDate>
					<currencyCode>HUF</currencyCode>
					<exchangeRate>1</exchangeRate>
					<paymentDate>2020-05-30</paymentDate>
					<invoiceAppearance>PAPER</invoiceAppearance>
					<additionalInvoiceData>
						<dataName>X00001_MRSZ</dataName>
						<dataDescription>MRSZ</dataDescription>
						<dataValue>Megrendelés szám: 12345678/2020</dataValue>
					</additionalInvoiceData>
				</invoiceDetail>
			</invoiceHead>
			<invoiceLines>
				<line>
					<lineNumber>1</lineNumber>
					<productCodes>
						<productCode>
							<productCodeCategory>VTSZ</productCodeCategory>
							<productCodeValue>02031110</productCodeValue>
						</productCode>
					</productCodes>
					<lineExpressionIndicator>true</lineExpressionIndicator>
					<lineNatureIndicator>PRODUCT</lineNatureIndicator>
					<lineDescription>Hűtött házi sertés (fél)</lineDescription>
					<quantity>1500.00</quantity>
					<unitOfMeasure>KILOGRAM</unitOfMeasure>
					<unitPrice>400.00</unitPrice>
					<lineAmountsNormal>
						<lineNetAmountData>
							<lineNetAmount>600000.00</lineNetAmount>
							<lineNetAmountHUF>600000.00</lineNetAmountHUF>
						</lineNetAmountData>
						<lineVatRate>
							<vatPercentage>0.05</vatPercentage>
						</lineVatRate>
						<lineVatData>
							<lineVatAmount>30000.00</lineVatAmount>
							<lineVatAmountHUF>30000.00</lineVatAmountHUF>
						</lineVatData>
						<lineGrossAmountData>
							<lineGrossAmountNormal>630000.00</lineGrossAmountNormal>
							<lineGrossAmountNormalHUF>630000.00</lineGrossAmountNormalHUF>
						</lineGrossAmountData>
					</lineAmountsNormal>
				</line>
				<line>
					<lineNumber>2</lineNumber>
					<productCodes>
						<productCode>
							<productCodeCategory>VTSZ</productCodeCategory>
							<productCodeValue>16010091</productCodeValue>
						</productCode>
					</productCodes>
					<lineExpressionIndicator>true</lineExpressionIndicator>
					<lineNatureIndicator>PRODUCT</lineNatureIndicator>
					<lineDescription>Érlelt szalámi</lineDescription>
					<quantity>1600.00</quantity>
					<unitOfMeasure>KILOGRAM</unitOfMeasure>
					<unitPrice>3000.00</unitPrice>
					<lineAmountsNormal>
						<lineNetAmountData>
							<lineNetAmount>4800000.00</lineNetAmount>
							<lineNetAmountHUF>4800000.00</lineNetAmountHUF>
						</lineNetAmountData>
						<lineVatRate>
							<vatPercentage>0.27</vatPercentage>
						</lineVatRate>
						<lineVatData>
							<lineVatAmount>1296000.00</lineVatAmount>
							<lineVatAmountHUF>1296000.00</lineVatAmountHUF>
						</lineVatData>
						<lineGrossAmountData>
							<lineGrossAmountNormal>6096000.00</lineGrossAmountNormal>
							<lineGrossAmountNormalHUF>6096000.00</lineGrossAmountNormalHUF>
						</lineGrossAmountData>
					</lineAmountsNormal>
				</line>				
				<line>
					<lineNumber>3</lineNumber>
					<lineExpressionIndicator>true</lineExpressionIndicator>
					<lineNatureIndicator>PRODUCT</lineNatureIndicator>
					<lineDescription>Árengedmény</lineDescription>
					<quantity>1600.00</quantity>
					<unitOfMeasure>KILOGRAM</unitOfMeasure>
					<unitPrice>-300.00</unitPrice>
					<lineAmountsNormal>
						<lineNetAmountData>
						<lineNetAmount>-480000.00</lineNetAmount>
							<lineNetAmountHUF>-480000.00</lineNetAmountHUF>
						</lineNetAmountData>
						<lineVatRate>
							<vatPercentage>0.27</vatPercentage>
						</lineVatRate>
						<lineVatData>
							<lineVatAmount>-129600.00</lineVatAmount>
							<lineVatAmountHUF>-129600.00</lineVatAmountHUF>
						</lineVatData>						
						<lineGrossAmountData>
							<lineGrossAmountNormal>-609600.00</lineGrossAmountNormal>
							<lineGrossAmountNormalHUF>-609600.00</lineGrossAmountNormalHUF>
						</lineGrossAmountData>
					</lineAmountsNormal>
				</line>								
				<line>
					<lineNumber>4</lineNumber>
					<productCodes>
						<productCode>
							<productCodeCategory>VTSZ</productCodeCategory>
							<productCodeValue>16010010</productCodeValue>
						</productCode>
					</productCodes>
					<lineExpressionIndicator>true</lineExpressionIndicator>
					<lineNatureIndicator>PRODUCT</lineNatureIndicator>
					<lineDescription>Kenőmájas</lineDescription>
					<quantity>40.00</quantity>
					<unitOfMeasure>KILOGRAM</unitOfMeasure>
					<unitPrice>800.00</unitPrice>
					<lineAmountsNormal>
						<lineNetAmountData>
							<lineNetAmount>32000.00</lineNetAmount>
							<lineNetAmountHUF>32000.00</lineNetAmountHUF>
						</lineNetAmountData>
						<lineVatRate>
							<vatPercentage>0.27</vatPercentage>
						</lineVatRate>
						<lineVatData>
							<lineVatAmount>8640.00</lineVatAmount>
							<lineVatAmountHUF>8640.00</lineVatAmountHUF>
						</lineVatData>
						<lineGrossAmountData>
							<lineGrossAmountNormal>40640.00</lineGrossAmountNormal>
							<lineGrossAmountNormalHUF>40640.00</lineGrossAmountNormalHUF>
						</lineGrossAmountData>
					</lineAmountsNormal>
				</line>				
			</invoiceLines>
			<invoiceSummary>
				<summaryNormal>
					<summaryByVatRate>
						<vatRate>
							<vatPercentage>0.05</vatPercentage>
						</vatRate>
						<vatRateNetData>
							<vatRateNetAmount>600000.00</vatRateNetAmount>
							<vatRateNetAmountHUF>600000.00</vatRateNetAmountHUF>
						</vatRateNetData>
						<vatRateVatData>
							<vatRateVatAmount>30000.00</vatRateVatAmount>
							<vatRateVatAmountHUF>30000.00</vatRateVatAmountHUF>
						</vatRateVatData>
						<vatRateGrossData>
							<vatRateGrossAmount>630000.00</vatRateGrossAmount>
							<vatRateGrossAmountHUF>630000.00</vatRateGrossAmountHUF>
						</vatRateGrossData>
					</summaryByVatRate>
					<summaryByVatRate>
						<vatRate>
							<vatPercentage>0.27</vatPercentage>
						</vatRate>
						<vatRateNetData>
							<vatRateNetAmount>4352000.00</vatRateNetAmount>
							<vatRateNetAmountHUF>4352000.00</vatRateNetAmountHUF>
						</vatRateNetData>
						<vatRateVatData>
							<vatRateVatAmount>1175040.00</vatRateVatAmount>
							<vatRateVatAmountHUF>1175040.00</vatRateVatAmountHUF>
						</vatRateVatData>
					</summaryByVatRate>
					<invoiceNetAmount>4952000.00</invoiceNetAmount>
					<invoiceNetAmountHUF>4952000.00</invoiceNetAmountHUF>
					<invoiceVatAmount>1205040.00</invoiceVatAmount>
					<invoiceVatAmountHUF>1205040.00</invoiceVatAmountHUF>
				</summaryNormal>
				<summaryGrossData>
					<invoiceGrossAmount>6157040.00</invoiceGrossAmount>
					<invoiceGrossAmountHUF>6157040.00</invoiceGrossAmountHUF>
				</summaryGrossData>
			</invoiceSummary>
		</invoice>
	</invoiceMain>
</InvoiceData>
