<?xml version="1.0" encoding="UTF-8"?>
<InvoiceData xmlns="http://schemas.nav.gov.hu/OSA/2.0/data" xmlns:xsi="http://www.w3.org/2001/XMLSchema-instance" xsi:schemaLocation="http://schemas.nav.gov.hu/OSA/2.0/data invoiceData.xsd">
	<invoiceNumber>2020/00345</invoiceNumber>
	<invoiceIssueDate>2020-05-15</invoiceIssueDate>
	<invoiceMain>
		<invoice>
			<invoiceHead>
				<supplierInfo>
					<supplierTaxNumber>
						<taxpayerId>11111111</taxpayerId>
						<vatCode>2</vatCode>
						<countyCode>42</countyCode>
					</supplierTaxNumber>
					<supplierName>Szállító Kft</supplierName>
					<supplierAddress>
						<detailedAddress>
							<countryCode>HU</countryCode>
							<postalCode>1111</postalCode>
							<city>Budapest</city>
							<streetName>Példa</streetName>
							<publicPlaceCategory>utca</publicPlaceCategory>
							<number>777</number>
							<floor>1.</floor>
							<door>3.</door>
						</detailedAddress>
					</supplierAddress>
					<supplierBankAccountNumber>88888888-66666666-12345678</supplierBankAccountNumber>
				</supplierInfo>
				<customerInfo>
					<customerTaxNumber>
						<taxpayerId>33333333</taxpayerId>
						<vatCode>2</vatCode>
						<countyCode>02</countyCode>
					</customerTaxNumber>
					<customerName>Vevő Kft</customerName>
					<customerAddress>
						<detailedAddress>
							<countryCode>HU</countryCode>
							<postalCode>7600</postalCode>
							<city>Pécs</city>
							<streetName>Kitalált</streetName>
							<publicPlaceCategory>köz</publicPlaceCategory>
							<number>8</number>
						</detailedAddress>
					</customerAddress>
				</customerInfo>
				<invoiceDetail>
					<invoiceCategory>NORMAL</invoiceCategory>
					<invoiceDeliveryDate>2020-05-10</invoiceDeliveryDate>
					<currencyCode>EUR</currencyCode>
					<exchangeRate>310.00</exchangeRate>
					<paymentMethod>TRANSFER</paymentMethod>
					<paymentDate>2020-05-30</paymentDate>
					<invoiceAppearance>PAPER</invoiceAppearance>
				</invoiceDetail>
			</invoiceHead>
			<invoiceLines>
				<line>
					<lineNumber>1</lineNumber>
					<productCodes>
						<productCode>
							<productCodeCategory>VTSZ</productCodeCategory>
							<productCodeValue>02031110</productCodeValue>
						</productCode>
					</productCodes>
					<lineExpressionIndicator>true</lineExpressionIndicator>
					<lineNatureIndicator>PRODUCT</lineNatureIndicator>
					<lineDescription>Hűtött házi sertés (fél)</lineDescription>
					<quantity>1500.00</quantity>
					<unitOfMeasure>KILOGRAM</unitOfMeasure>
					<unitPrice>2.00</unitPrice>
					<lineAmountsNormal>
						<lineNetAmountData>
							<lineNetAmount>3000.00</lineNetAmount>
							<lineNetAmountHUF>930000.00</lineNetAmountHUF>
						</lineNetAmountData>
						<lineVatRate>
							<vatPercentage>0.05</vatPercentage>
						</lineVatRate>
						<lineVatData>
							<lineVatAmount>150.00</lineVatAmount>
							<lineVatAmountHUF>46500.00</lineVatAmountHUF>
						</lineVatData>
						<lineGrossAmountData>
							<lineGrossAmountNormal>3150.00</lineGrossAmountNormal>
							<lineGrossAmountNormalHUF>976500.00</lineGrossAmountNormalHUF>
						</lineGrossAmountData>
					</lineAmountsNormal>
				</line>
				<line>
					<lineNumber>2</lineNumber>
					<productCodes>
						<productCode>
							<productCodeCategory>VTSZ</productCodeCategory>
							<productCodeValue>16010091</productCodeValue>
						</productCode>
					</productCodes>
					<lineExpressionIndicator>true</lineExpressionIndicator>
					<lineNatureIndicator>PRODUCT</lineNatureIndicator>
					<lineDescription>Érlelt szalámi</lineDescription>
					<quantity>1600.00</quantity>
					<unitOfMeasure>KILOGRAM</unitOfMeasure>
					<unitPrice>10.00</unitPrice>
					<lineAmountsNormal>
						<lineNetAmountData>
							<lineNetAmount>16000.00</lineNetAmount>
							<lineNetAmountHUF>4960000.00</lineNetAmountHUF>
						</lineNetAmountData>
						<lineVatRate>
							<vatPercentage>0.27</vatPercentage>
						</lineVatRate>
						<lineVatData>
							<lineVatAmount>4320.00</lineVatAmount>
							<lineVatAmountHUF>1339200.00</lineVatAmountHUF>
						</lineVatData>
						<lineGrossAmountData>
							<lineGrossAmountNormal>20320.00</lineGrossAmountNormal>
							<lineGrossAmountNormalHUF>6299200.00</lineGrossAmountNormalHUF>
						</lineGrossAmountData>
					</lineAmountsNormal>
				</line>				
				<line>
					<lineNumber>3</lineNumber>
					<productCodes>
						<productCode>
							<productCodeCategory>VTSZ</productCodeCategory>
							<productCodeValue>16010010</productCodeValue>
						</productCode>
					</productCodes>
					<lineExpressionIndicator>true</lineExpressionIndicator>
					<lineNatureIndicator>PRODUCT</lineNatureIndicator>
					<lineDescription>Kenőmájas</lineDescription>
					<quantity>4000</quantity>
					<unitOfMeasure>OWN</unitOfMeasure>
					<unitOfMeasureOwn>dkg</unitOfMeasureOwn>
					<unitPrice>0.03</unitPrice>
					<lineAmountsNormal>
						<lineNetAmountData>
							<lineNetAmount>120.00</lineNetAmount>
							<lineNetAmountHUF>37200.00</lineNetAmountHUF>
						</lineNetAmountData>
						<lineVatRate>
							<vatPercentage>0.27</vatPercentage>
						</lineVatRate>
						<lineVatData>
							<lineVatAmount>32.40</lineVatAmount>
							<lineVatAmountHUF>10044.00</lineVatAmountHUF>
						</lineVatData>
						<lineGrossAmountData>
							<lineGrossAmountNormal>152.40</lineGrossAmountNormal>
							<lineGrossAmountNormalHUF>47244.00</lineGrossAmountNormalHUF>
						</lineGrossAmountData>
					</lineAmountsNormal>
				</line>				
			</invoiceLines>
			<invoiceSummary>
				<summaryNormal>
					<summaryByVatRate>
						<vatRate>
							<vatPercentage>0.05</vatPercentage>
						</vatRate>
						<vatRateNetData>
							<vatRateNetAmount>3000.00</vatRateNetAmount>
							<vatRateNetAmountHUF>930000.00</vatRateNetAmountHUF>
						</vatRateNetData>
						<vatRateVatData>
							<vatRateVatAmount>150.00</vatRateVatAmount>
							<vatRateVatAmountHUF>46500.00</vatRateVatAmountHUF>
						</vatRateVatData>
						<vatRateGrossData>
							<vatRateGrossAmount>3150.00</vatRateGrossAmount>
							<vatRateGrossAmountHUF>976500.00</vatRateGrossAmountHUF>
						</vatRateGrossData>
					</summaryByVatRate>
					<summaryByVatRate>
						<vatRate>
							<vatPercentage>0.27</vatPercentage>
						</vatRate>
						<vatRateNetData>
							<vatRateNetAmount>16120.00</vatRateNetAmount>
							<vatRateNetAmountHUF>4997200.00</vatRateNetAmountHUF>
						</vatRateNetData>
						<vatRateVatData>
							<vatRateVatAmount>4352.40</vatRateVatAmount>
							<vatRateVatAmountHUF>1349244.00</vatRateVatAmountHUF>
						</vatRateVatData>
					</summaryByVatRate>
					<invoiceNetAmount>19120.00</invoiceNetAmount>
					<invoiceNetAmountHUF>5927200.00</invoiceNetAmountHUF>
					<invoiceVatAmount>4502.40</invoiceVatAmount>
					<invoiceVatAmountHUF>1395744.00</invoiceVatAmountHUF>
				</summaryNormal>
				<summaryGrossData>
					<invoiceGrossAmount>23622.40</invoiceGrossAmount>
					<invoiceGrossAmountHUF>7322944.00</invoiceGrossAmountHUF>
				</summaryGrossData>
			</invoiceSummary>
		</invoice>
	</invoiceMain>
</InvoiceData>
