<?xml version="1.0" encoding="UTF-8"?>
<InvoiceData xmlns="http://schemas.nav.gov.hu/OSA/2.0/data" xmlns:xsi="http://www.w3.org/2001/XMLSchema-instance" xsi:schemaLocation="http://schemas.nav.gov.hu/OSA/2.0/data invoiceData.xsd">
	<invoiceNumber>201900099</invoiceNumber>
	<invoiceIssueDate>2020-05-15</invoiceIssueDate>
	<invoiceMain>
		<invoice>
			<invoiceHead>
				<supplierInfo>
					<supplierTaxNumber>
						<taxpayerId>11111111</taxpayerId>
						<vatCode>2</vatCode>
						<countyCode>42</countyCode>
					</supplierTaxNumber>
					<supplierName>Szállító Kft</supplierName>
					<supplierAddress>
						<detailedAddress>
							<countryCode>HU</countryCode>
							<postalCode>1111</postalCode>
							<city>Budapest</city>
							<streetName>Példa</streetName>
							<publicPlaceCategory>utca</publicPlaceCategory>
							<number>777</number>
							<floor>1.</floor>
							<door>3.</door>
						</detailedAddress>
					</supplierAddress>
					<supplierBankAccountNumber>88888888-66666666-12345678</supplierBankAccountNumber>
				</supplierInfo>
				<customerInfo>
					<customerTaxNumber>
						<taxpayerId>33333333</taxpayerId>
						<vatCode>2</vatCode>
						<countyCode>02</countyCode>
					</customerTaxNumber>
					<customerName>Vevő Kft</customerName>
					<customerAddress>
						<detailedAddress>
							<countryCode>HU</countryCode>
							<postalCode>7600</postalCode>
							<city>Pécs</city>
							<streetName>Kitalált</streetName>
							<publicPlaceCategory>köz</publicPlaceCategory>
							<number>8</number>
						</detailedAddress>
					</customerAddress>
				</customerInfo>
				<invoiceDetail>
					<invoiceCategory>NORMAL</invoiceCategory>
					<invoiceDeliveryDate>2020-05-10</invoiceDeliveryDate>
					<currencyCode>HUF</currencyCode>
					<exchangeRate>1</exchangeRate>
					<paymentMethod>TRANSFER</paymentMethod>
					<paymentDate>2020-05-30</paymentDate>
					<invoiceAppearance>PAPER</invoiceAppearance>
				</invoiceDetail>
			</invoiceHead>
			<invoiceLines>
				<line>
					<lineNumber>1</lineNumber>
					<productCodes>
						<productCode>
							<productCodeCategory>OWN</productCodeCategory>
							<productCodeOwnValue>SZ12345</productCodeOwnValue>
						</productCode>
					</productCodes>
					<lineExpressionIndicator>true</lineExpressionIndicator>
					<lineNatureIndicator>PRODUCT</lineNatureIndicator>
					<lineDescription>Canon A/4 papír</lineDescription>
					<quantity>2000.00</quantity>
					<unitOfMeasure>OWN</unitOfMeasure>
					<unitOfMeasureOwn>doboz</unitOfMeasureOwn>
					<unitPrice>500.00</unitPrice>
					<lineAmountsNormal>
						<lineNetAmountData>
							<lineNetAmount>1000000.00</lineNetAmount>
							<lineNetAmountHUF>1000000.00</lineNetAmountHUF>
						</lineNetAmountData>
						<lineVatRate>
							<vatPercentage>0.27</vatPercentage>
						</lineVatRate>
						<lineVatData>
							<lineVatAmount>270000.00</lineVatAmount>
							<lineVatAmountHUF>270000.00</lineVatAmountHUF>
						</lineVatData>
						<lineGrossAmountData>
							<lineGrossAmountNormal>1270000.00</lineGrossAmountNormal>
							<lineGrossAmountNormalHUF>1270000.00</lineGrossAmountNormalHUF>
						</lineGrossAmountData>
					</lineAmountsNormal>
					<obligatedForProductFee>true</obligatedForProductFee>
					<productFeeClause>
						<productFeeTakeoverData>
							<takeoverReason>02_b</takeoverReason>
							<takeoverAmount>0</takeoverAmount>
						</productFeeTakeoverData>
					</productFeeClause>
					<lineProductFeeContent>
						<productFeeCode>
							<productCodeCategory>KT</productCodeCategory>
							<productCodeValue>801</productCodeValue>
						</productFeeCode>
						<productFeeQuantity>1200.00</productFeeQuantity>
						<productFeeMeasuringUnit>KG</productFeeMeasuringUnit>
						<productFeeRate>19.00</productFeeRate>
						<productFeeAmount>22800.00</productFeeAmount>
					</lineProductFeeContent>
				</line>
				<line>
					<lineNumber>2</lineNumber>
					<lineExpressionIndicator>true</lineExpressionIndicator>
					<lineNatureIndicator>PRODUCT</lineNatureIndicator>
					<lineDescription>Hajfesték</lineDescription>
					<quantity>50.00</quantity>
					<unitOfMeasure>PIECE</unitOfMeasure>
					<unitPrice>800.00</unitPrice>
					<lineAmountsNormal>
						<lineNetAmountData>
							<lineNetAmount>40000.00</lineNetAmount>
							<lineNetAmountHUF>40000.00</lineNetAmountHUF>
						</lineNetAmountData>
						<lineVatRate>
							<vatPercentage>0.27</vatPercentage>
						</lineVatRate>
						<lineVatData>
							<lineVatAmount>10800.00</lineVatAmount>
							<lineVatAmountHUF>10800.00</lineVatAmountHUF>
						</lineVatData>
						<lineGrossAmountData>
							<lineGrossAmountNormal>50800.00</lineGrossAmountNormal>
							<lineGrossAmountNormalHUF>50800.00</lineGrossAmountNormalHUF>
						</lineGrossAmountData>
					</lineAmountsNormal>
					<obligatedForProductFee>true</obligatedForProductFee>
					<lineProductFeeContent>
						<productFeeCode>
							<productCodeCategory>KT</productCodeCategory>
							<productCodeValue>4MA</productCodeValue>
						</productFeeCode>
						<productFeeQuantity>5.0000</productFeeQuantity>
						<productFeeMeasuringUnit>KG</productFeeMeasuringUnit>
						<productFeeRate>57.00</productFeeRate>
						<productFeeAmount>285.00</productFeeAmount>
					</lineProductFeeContent>
					<lineProductFeeContent>
						<productFeeCode>
							<productCodeCategory>KT</productCodeCategory>
							<productCodeValue>702</productCodeValue>
						</productFeeCode>
						<productFeeQuantity>50.0000</productFeeQuantity>
						<productFeeMeasuringUnit>KG</productFeeMeasuringUnit>
						<productFeeRate>57.00</productFeeRate>
						<productFeeAmount>2850.00</productFeeAmount>
					</lineProductFeeContent>			</line>		
			</invoiceLines>
			<productFeeSummary>
				<productFeeOperation>DEPOSIT</productFeeOperation>
				<productFeeData>
					<productFeeCode>
						<productCodeCategory>KT</productCodeCategory>
						<productCodeValue>702</productCodeValue>
					</productFeeCode>
					<productFeeQuantity>50.000</productFeeQuantity>
					<productFeeMeasuringUnit>KG</productFeeMeasuringUnit>
					<productFeeRate>57.00</productFeeRate>
					<productFeeAmount>2850.00</productFeeAmount>
				</productFeeData>
				<productFeeData>
					<productFeeCode>
						<productCodeCategory>KT</productCodeCategory>
						<productCodeValue>4MA</productCodeValue>
					</productFeeCode>
					<productFeeQuantity>5.000</productFeeQuantity>
					<productFeeMeasuringUnit>KG</productFeeMeasuringUnit>
					<productFeeRate>57.00</productFeeRate>
					<productFeeAmount>285.00</productFeeAmount>
				</productFeeData>
				<productFeeData>
					<productFeeCode>
						<productCodeCategory>KT</productCodeCategory>
						<productCodeValue>801</productCodeValue>
					</productFeeCode>
					<productFeeQuantity>1200.000</productFeeQuantity>
					<productFeeMeasuringUnit>KG</productFeeMeasuringUnit>
					<productFeeRate>19.00</productFeeRate>
					<productFeeAmount>22800.00</productFeeAmount>
				</productFeeData>
				<productChargeSum>25935.00</productChargeSum>
			</productFeeSummary>
			<invoiceSummary>
				<summaryNormal>
					<summaryByVatRate>
						<vatRate>
							<vatPercentage>0.27</vatPercentage>
						</vatRate>
						<vatRateNetData>
							<vatRateNetAmount>1040000.00</vatRateNetAmount>
							<vatRateNetAmountHUF>1040000.00</vatRateNetAmountHUF>
						</vatRateNetData>
						<vatRateVatData>
							<vatRateVatAmount>280800.00</vatRateVatAmount>
							<vatRateVatAmountHUF>280800.00</vatRateVatAmountHUF>
						</vatRateVatData>
						<vatRateGrossData>
							<vatRateGrossAmount>1320800.00</vatRateGrossAmount>
							<vatRateGrossAmountHUF>1320800.00</vatRateGrossAmountHUF>
						</vatRateGrossData>
					</summaryByVatRate>
					<invoiceNetAmount>1040000.00</invoiceNetAmount>
					<invoiceNetAmountHUF>1040000.00</invoiceNetAmountHUF>
					<invoiceVatAmount>280000.00</invoiceVatAmount>
					<invoiceVatAmountHUF>280000.00</invoiceVatAmountHUF>
				</summaryNormal>
				<summaryGrossData>
					<invoiceGrossAmount>1320800.00</invoiceGrossAmount>
					<invoiceGrossAmountHUF>1320800.00</invoiceGrossAmountHUF>
				</summaryGrossData>
			</invoiceSummary>
		</invoice>
	</invoiceMain>
</InvoiceData>
