<?xml version="1.0" encoding="UTF-8"?>
<InvoiceData xmlns="http://schemas.nav.gov.hu/OSA/2.0/data" xmlns:xsi="http://www.w3.org/2001/XMLSchema-instance" xsi:schemaLocation="http://schemas.nav.gov.hu/OSA/2.0/data invoiceData.xsd">
	<invoiceNumber>2020/000129</invoiceNumber>
	<invoiceIssueDate>2020-05-15</invoiceIssueDate>
	<invoiceMain>
		<invoice>
			<invoiceReference>
				<originalInvoiceNumber>2020/000123</originalInvoiceNumber>
				<modifyWithoutMaster>false</modifyWithoutMaster>
				<modificationIndex>1</modificationIndex>
			</invoiceReference>
			<invoiceHead>
				<supplierInfo>
					<supplierTaxNumber>
						<taxpayerId>11111111</taxpayerId>
						<vatCode>2</vatCode>
						<countyCode>42</countyCode>
					</supplierTaxNumber>
					<supplierName>Szállító Kft</supplierName>
					<supplierAddress>
						<detailedAddress>
							<countryCode>HU</countryCode>
							<postalCode>1111</postalCode>
							<city>Budapest</city>
							<streetName>Példa</streetName>
							<publicPlaceCategory>utca</publicPlaceCategory>
							<number>777</number>
							<floor>1.</floor>
							<door>3.</door>
						</detailedAddress>
					</supplierAddress>
					<supplierBankAccountNumber>88888888-66666666-12345678</supplierBankAccountNumber>
				</supplierInfo>
				<customerInfo>
					<customerTaxNumber>
						<taxpayerId>33333333</taxpayerId>
						<vatCode>2</vatCode>
						<countyCode>02</countyCode>
					</customerTaxNumber>
					<customerName>Vevő Kft</customerName>
					<customerAddress>
						<detailedAddress>
							<countryCode>HU</countryCode>
							<postalCode>7600</postalCode>
							<city>Pécs</city>
							<streetName>Kitalált</streetName>
							<publicPlaceCategory>köz</publicPlaceCategory>
							<number>8</number>
						</detailedAddress>
					</customerAddress>
				</customerInfo>
				<invoiceDetail>
					<invoiceCategory>NORMAL</invoiceCategory>
					<invoiceDeliveryDate>2020-05-10</invoiceDeliveryDate>
					<currencyCode>HUF</currencyCode>
					<exchangeRate>1</exchangeRate>
					<paymentMethod>TRANSFER</paymentMethod>
					<paymentDate>2020-05-30</paymentDate>
					<invoiceAppearance>PAPER</invoiceAppearance>
					<additionalInvoiceData>
						<dataName>X00001_ESZSZ</dataName>
						<dataDescription>ESZSZ</dataDescription>
						<dataValue>Eredeti számla száma: 2020/000123</dataValue>
					</additionalInvoiceData>
				</invoiceDetail>
			</invoiceHead>
			<invoiceLines>
				<line>
					<lineNumber>1</lineNumber>
					<lineModificationReference>
						<lineNumberReference>5</lineNumberReference>
						<lineOperation>CREATE</lineOperation>
					</lineModificationReference>
					<productCodes>
						<productCode>
							<productCodeCategory>VTSZ</productCodeCategory>
							<productCodeValue>16010091</productCodeValue>
						</productCode>
					</productCodes>
					<lineExpressionIndicator>true</lineExpressionIndicator>
					<lineNatureIndicator>PRODUCT</lineNatureIndicator>
					<lineDescription>Érlelt szalámi</lineDescription>
					<quantity>-1600.00</quantity>
					<unitOfMeasure>KILOGRAM</unitOfMeasure>
					<unitPrice>3000.00</unitPrice>
					<lineAmountsNormal>
						<lineNetAmountData>
							<lineNetAmount>-4800000.00</lineNetAmount>
							<lineNetAmountHUF>-4800000.00</lineNetAmountHUF>
						</lineNetAmountData>
						<lineVatRate>
							<vatPercentage>0.27</vatPercentage>
						</lineVatRate>
						<lineVatData>
							<lineVatAmount>-1296000.00</lineVatAmount>
							<lineVatAmountHUF>-1296000.00</lineVatAmountHUF>
						</lineVatData>
						<lineGrossAmountData>
							<lineGrossAmountNormal>-6096000.00</lineGrossAmountNormal>
							<lineGrossAmountNormalHUF>-6096000.00</lineGrossAmountNormalHUF>
						</lineGrossAmountData>
					</lineAmountsNormal>
				</line>				
				<line>
					<lineNumber>2</lineNumber>
					<lineModificationReference>
						<lineNumberReference>6</lineNumberReference>
						<lineOperation>CREATE</lineOperation>
					</lineModificationReference>
					<lineExpressionIndicator>true</lineExpressionIndicator>
					<lineNatureIndicator>PRODUCT</lineNatureIndicator>
					<lineDescription>Árengedmény 10%</lineDescription>
					<quantity>-1600.00</quantity>
					<unitOfMeasure>KILOGRAM</unitOfMeasure>
					<unitPrice>-300.00</unitPrice>
					<lineAmountsNormal>
						<lineNetAmountData>
							<lineNetAmount>480000.00</lineNetAmount>
							<lineNetAmountHUF>480000.00</lineNetAmountHUF>
						</lineNetAmountData>
						<lineVatRate>
							<vatPercentage>0.27</vatPercentage>
						</lineVatRate>
						<lineVatData>
							<lineVatAmount>129600.00</lineVatAmount>
							<lineVatAmountHUF>129600.00</lineVatAmountHUF>
						</lineVatData>
						<lineGrossAmountData>
							<lineGrossAmountNormal>609600.00</lineGrossAmountNormal>
							<lineGrossAmountNormalHUF>609600.00</lineGrossAmountNormalHUF>
						</lineGrossAmountData>
					</lineAmountsNormal>
				</line>				
				<line>
					<lineNumber>3</lineNumber>
					<lineModificationReference>
						<lineNumberReference>7</lineNumberReference>
						<lineOperation>CREATE</lineOperation>
					</lineModificationReference>
					<productCodes>
						<productCode>
							<productCodeCategory>VTSZ</productCodeCategory>
							<productCodeValue>16010091</productCodeValue>
						</productCode>
					</productCodes>
					<lineExpressionIndicator>true</lineExpressionIndicator>
					<lineNatureIndicator>PRODUCT</lineNatureIndicator>
					<lineDescription>Érlelt szalámi</lineDescription>
					<quantity>1600.00</quantity>
					<unitOfMeasure>KILOGRAM</unitOfMeasure>
					<unitPrice>4000.00</unitPrice>
					<lineAmountsNormal>
						<lineNetAmountData>
							<lineNetAmount>6400000.00</lineNetAmount>
							<lineNetAmountHUF>6400000.00</lineNetAmountHUF>
						</lineNetAmountData>
						<lineVatRate>
							<vatPercentage>0.27</vatPercentage>
						</lineVatRate>
						<lineVatData>
							<lineVatAmount>1728000.00</lineVatAmount>
							<lineVatAmountHUF>1728000.00</lineVatAmountHUF>
						</lineVatData>
						<lineGrossAmountData>
							<lineGrossAmountNormal>8128000.00</lineGrossAmountNormal>
							<lineGrossAmountNormalHUF>8128000.00</lineGrossAmountNormalHUF>
						</lineGrossAmountData>
					</lineAmountsNormal>
				</line>				
				<line>
					<lineNumber>4</lineNumber>
					<lineModificationReference>
						<lineNumberReference>8</lineNumberReference>
						<lineOperation>CREATE</lineOperation>
					</lineModificationReference>
					<lineExpressionIndicator>true</lineExpressionIndicator>
					<lineNatureIndicator>PRODUCT</lineNatureIndicator>
					<lineDescription>Árengedmény 10%</lineDescription>
					<quantity>1600.00</quantity>
					<unitOfMeasure>KILOGRAM</unitOfMeasure>
					<unitPrice>-400.00</unitPrice>
					<lineAmountsNormal>
						<lineNetAmountData>
							<lineNetAmount>-640000.00</lineNetAmount>
							<lineNetAmountHUF>-640000.00</lineNetAmountHUF>
						</lineNetAmountData>
						<lineVatRate>
							<vatPercentage>0.27</vatPercentage>
						</lineVatRate>
						<lineVatData>
							<lineVatAmount>-172800.00</lineVatAmount>
							<lineVatAmountHUF>-172800.00</lineVatAmountHUF>
						</lineVatData>
						<lineGrossAmountData>
							<lineGrossAmountNormal>-812800.00</lineGrossAmountNormal>
							<lineGrossAmountNormalHUF>-812800.00</lineGrossAmountNormalHUF>
						</lineGrossAmountData>
					</lineAmountsNormal>
				</line>				
			</invoiceLines>
			<invoiceSummary>
				<summaryNormal>
					<summaryByVatRate>
						<vatRate>
							<vatPercentage>0.27</vatPercentage>
						</vatRate>
						<vatRateNetData>
							<vatRateNetAmount>1440000.00</vatRateNetAmount>
							<vatRateNetAmountHUF>1440000.00</vatRateNetAmountHUF>
						</vatRateNetData>
						<vatRateVatData>
							<vatRateVatAmount>388800.00</vatRateVatAmount>
							<vatRateVatAmountHUF>388800.00</vatRateVatAmountHUF>
						</vatRateVatData>
					</summaryByVatRate>
					<invoiceNetAmount>1440000.00</invoiceNetAmount>
					<invoiceNetAmountHUF>1440000.00</invoiceNetAmountHUF>
					<invoiceVatAmount>388800.00</invoiceVatAmount>
					<invoiceVatAmountHUF>388800.00</invoiceVatAmountHUF>
				</summaryNormal>
				<summaryGrossData>
					<invoiceGrossAmount>1828800.00</invoiceGrossAmount>
					<invoiceGrossAmountHUF>1828800.00</invoiceGrossAmountHUF>
				</summaryGrossData>
			</invoiceSummary>
		</invoice>
	</invoiceMain>
</InvoiceData>
