<?xml version="1.0" encoding="UTF-8"?>
<InvoiceData xmlns="http://schemas.nav.gov.hu/OSA/2.0/data" xmlns:xsi="http://www.w3.org/2001/XMLSchema-instance" xsi:schemaLocation="http://schemas.nav.gov.hu/OSA/2.0/data invoiceData.xsd">
	<invoiceNumber>ZZZ000002</invoiceNumber>
	<invoiceIssueDate>2020-05-20</invoiceIssueDate>
	<invoiceMain>
		<invoice>
			<invoiceReference>
				<originalInvoiceNumber>ZZZ000001</originalInvoiceNumber>
				<modifyWithoutMaster>false</modifyWithoutMaster>
				<modificationIndex>1</modificationIndex>
			</invoiceReference>
			<invoiceHead>
				<supplierInfo>
					<supplierTaxNumber>
						<taxpayerId>11111111</taxpayerId>
						<vatCode>2</vatCode>
						<countyCode>42</countyCode>
					</supplierTaxNumber>
					<supplierName>Szállító Kft</supplierName>
					<supplierAddress>
						<detailedAddress>
							<countryCode>HU</countryCode>
							<postalCode>1111</postalCode>
							<city>Budapest</city>
							<streetName>Példa</streetName>
							<publicPlaceCategory>utca</publicPlaceCategory>
							<number>777</number>
							<floor>1.</floor>
							<door>3.</door>
						</detailedAddress>
					</supplierAddress>
					<supplierBankAccountNumber>88888888-66666666-12345678</supplierBankAccountNumber>
				</supplierInfo>
				<customerInfo>
					<customerTaxNumber>
						<taxpayerId>33333333</taxpayerId>
						<vatCode>2</vatCode>
						<countyCode>02</countyCode>
					</customerTaxNumber>
					<customerName>Vevő Kft</customerName>
					<customerAddress>
						<detailedAddress>
							<countryCode>HU</countryCode>
							<postalCode>7600</postalCode>
							<city>Pécs</city>
							<streetName>Kitalált</streetName>
							<publicPlaceCategory>köz</publicPlaceCategory>
							<number>8</number>
						</detailedAddress>
					</customerAddress>
				</customerInfo>
				<invoiceDetail>
					<invoiceCategory>NORMAL</invoiceCategory>
					<invoiceDeliveryDate>2020-05-10</invoiceDeliveryDate>
					<currencyCode>HUF</currencyCode>
					<exchangeRate>1</exchangeRate>
					<paymentMethod>TRANSFER</paymentMethod>
					<paymentDate>2020-05-30</paymentDate>
					<invoiceAppearance>PAPER</invoiceAppearance>
				</invoiceDetail>
			</invoiceHead>
			<invoiceLines>
				<line>
					<lineNumber>1</lineNumber>
					<lineModificationReference>
						<lineNumberReference>6</lineNumberReference>
						<lineOperation>CREATE</lineOperation>
					</lineModificationReference>
					<productCodes>
						<productCode>
							<productCodeCategory>OWN</productCodeCategory>
							<productCodeValue>44444444</productCodeValue>
						</productCode>
					</productCodes>
					<lineExpressionIndicator>true</lineExpressionIndicator>
					<lineNatureIndicator>PRODUCT</lineNatureIndicator>
					<lineDescription>D termék</lineDescription>
					<quantity>-4.00</quantity>
					<unitOfMeasure>PIECE</unitOfMeasure>
					<unitPrice>400000</unitPrice>
					<lineAmountsNormal>
						<lineNetAmountData>
							<lineNetAmount>-1600000</lineNetAmount>
							<lineNetAmountHUF>-1600000</lineNetAmountHUF>
						</lineNetAmountData>
						<lineVatRate>
							<vatPercentage>0.27</vatPercentage>
						</lineVatRate>
						<lineVatData>
							<lineVatAmount>-432000</lineVatAmount>
							<lineVatAmountHUF>-432000</lineVatAmountHUF>
						</lineVatData>
						<lineGrossAmountData>
							<lineGrossAmountNormal>-2032000</lineGrossAmountNormal>
							<lineGrossAmountNormalHUF>-2032000</lineGrossAmountNormalHUF>
						</lineGrossAmountData>
					</lineAmountsNormal>
				</line>
				<line>
					<lineNumber>2</lineNumber>
					<lineModificationReference>
						<lineNumberReference>7</lineNumberReference>
						<lineOperation>CREATE</lineOperation>
					</lineModificationReference>
					<productCodes>
						<productCode>
							<productCodeCategory>OWN</productCodeCategory>
							<productCodeValue>66666666</productCodeValue>
						</productCode>
					</productCodes>
					<lineExpressionIndicator>true</lineExpressionIndicator>
					<lineNatureIndicator>PRODUCT</lineNatureIndicator>
					<lineDescription>F termék</lineDescription>
					<quantity>1.00</quantity>
					<unitOfMeasure>PIECE</unitOfMeasure>
					<unitPrice>600000</unitPrice>
					<lineAmountsNormal>
						<lineNetAmountData>
							<lineNetAmount>600000</lineNetAmount>
							<lineNetAmountHUF>600000</lineNetAmountHUF>
						</lineNetAmountData>
						<lineVatRate>
							<vatPercentage>0.27</vatPercentage>
						</lineVatRate>
						<lineVatData>
							<lineVatAmount>162000</lineVatAmount>
							<lineVatAmountHUF>162000</lineVatAmountHUF>
						</lineVatData>
						<lineGrossAmountData>
							<lineGrossAmountNormal>762000</lineGrossAmountNormal>
							<lineGrossAmountNormalHUF>762000</lineGrossAmountNormalHUF>
						</lineGrossAmountData>
					</lineAmountsNormal>
				</line>								
			</invoiceLines>
			<invoiceSummary>
				<summaryNormal>
					<summaryByVatRate>
						<vatRate>
							<vatPercentage>0.27</vatPercentage>
						</vatRate>
						<vatRateNetData>
							<vatRateNetAmount>-1000000</vatRateNetAmount>
							<vatRateNetAmountHUF>-1000000</vatRateNetAmountHUF>
						</vatRateNetData>
						<vatRateVatData>
							<vatRateVatAmount>-270000</vatRateVatAmount>
							<vatRateVatAmountHUF>-270000</vatRateVatAmountHUF>
						</vatRateVatData>
					</summaryByVatRate>
					<invoiceNetAmount>-1000000</invoiceNetAmount>
					<invoiceNetAmountHUF>-1000000</invoiceNetAmountHUF>
					<invoiceVatAmount>-270000</invoiceVatAmount>
					<invoiceVatAmountHUF>-270000</invoiceVatAmountHUF>
				</summaryNormal>
				<summaryGrossData>
					<invoiceGrossAmount>-1270000</invoiceGrossAmount>
					<invoiceGrossAmountHUF>-1270000</invoiceGrossAmountHUF>
				</summaryGrossData>
			</invoiceSummary>
		</invoice>
	</invoiceMain>
</InvoiceData>
