<?xml version="1.0" encoding="UTF-8"?>
<InvoiceData xmlns="http://schemas.nav.gov.hu/OSA/2.0/data" xmlns:xsi="http://www.w3.org/2001/XMLSchema-instance" xsi:schemaLocation="http://schemas.nav.gov.hu/OSA/2.0/data invoiceData.xsd">
	<invoiceNumber>ZZZ000003</invoiceNumber>
	<invoiceIssueDate>2020-05-20</invoiceIssueDate>
	<invoiceMain>
		<invoice>
			<invoiceReference>
				<originalInvoiceNumber>ZZZ000001</originalInvoiceNumber>
				<modifyWithoutMaster>false</modifyWithoutMaster>
				<modificationIndex>2</modificationIndex>
			</invoiceReference>
			<invoiceHead>
				<supplierInfo>
					<supplierTaxNumber>
						<taxpayerId>11111111</taxpayerId>
						<vatCode>2</vatCode>
						<countyCode>42</countyCode>
					</supplierTaxNumber>
					<supplierName>Szállító Kft</supplierName>
					<supplierAddress>
						<detailedAddress>
							<countryCode>HU</countryCode>
							<postalCode>1111</postalCode>
							<city>Budapest</city>
							<streetName>Példa</streetName>
							<publicPlaceCategory>utca</publicPlaceCategory>
							<number>777</number>
							<floor>1.</floor>
							<door>3.</door>
						</detailedAddress>
					</supplierAddress>
					<supplierBankAccountNumber>88888888-66666666-12345678</supplierBankAccountNumber>
				</supplierInfo>
				<customerInfo>
					<customerTaxNumber>
						<taxpayerId>33333333</taxpayerId>
						<vatCode>2</vatCode>
						<countyCode>02</countyCode>
					</customerTaxNumber>
					<customerName>Vevő Kft</customerName>
					<customerAddress>
						<detailedAddress>
							<countryCode>HU</countryCode>
							<postalCode>7600</postalCode>
							<city>Pécs</city>
							<streetName>Kitalált</streetName>
							<publicPlaceCategory>köz</publicPlaceCategory>
							<number>8</number>
						</detailedAddress>
					</customerAddress>
				</customerInfo>
				<invoiceDetail>
					<invoiceCategory>NORMAL</invoiceCategory>
					<invoiceDeliveryDate>2020-05-10</invoiceDeliveryDate>
					<currencyCode>HUF</currencyCode>
					<exchangeRate>1</exchangeRate>
					<paymentMethod>TRANSFER</paymentMethod>
					<paymentDate>2020-05-30</paymentDate>
					<invoiceAppearance>PAPER</invoiceAppearance>
				</invoiceDetail>
			</invoiceHead>
			<invoiceLines>
				<line>
					<lineNumber>1</lineNumber>
					<lineModificationReference>
						<lineNumberReference>11</lineNumberReference>
						<lineOperation>CREATE</lineOperation>
					</lineModificationReference>
					<productCodes>
						<productCode>
							<productCodeCategory>OWN</productCodeCategory>
							<productCodeValue>10452408</productCodeValue>
						</productCode>
					</productCodes>
					<lineExpressionIndicator>true</lineExpressionIndicator>
					<lineNatureIndicator>PRODUCT</lineNatureIndicator>
					<lineDescription>A termék</lineDescription>
					<quantity>1.00</quantity>
					<unitOfMeasure>PIECE</unitOfMeasure>
					<unitPrice>100000.00</unitPrice>
					<lineAmountsNormal>
						<lineNetAmountData>
							<lineNetAmount>100000</lineNetAmount>
							<lineNetAmountHUF>100000</lineNetAmountHUF>
						</lineNetAmountData>
						<lineVatRate>
							<vatPercentage>0.27</vatPercentage>
						</lineVatRate>
						<lineVatData>
							<lineVatAmount>27000</lineVatAmount>
							<lineVatAmountHUF>27000</lineVatAmountHUF>
						</lineVatData>
						<lineGrossAmountData>
							<lineGrossAmountNormal>127000</lineGrossAmountNormal>
							<lineGrossAmountNormalHUF>127000</lineGrossAmountNormalHUF>
						</lineGrossAmountData>
					</lineAmountsNormal>
				</line>
				<line>
					<lineNumber>2</lineNumber>
					<lineModificationReference>
						<lineNumberReference>12</lineNumberReference>
						<lineOperation>CREATE</lineOperation>
					</lineModificationReference>					
					<productCodes>
						<productCode>
							<productCodeCategory>OWN</productCodeCategory>
							<productCodeValue>22222222</productCodeValue>
						</productCode>
					</productCodes>
					<lineExpressionIndicator>true</lineExpressionIndicator>
					<lineNatureIndicator>PRODUCT</lineNatureIndicator>
					<lineDescription>B termék</lineDescription>
					<quantity>2.00</quantity>
					<unitOfMeasure>PIECE</unitOfMeasure>
					<unitPrice>200000</unitPrice>
					<lineAmountsNormal>
						<lineNetAmountData>
							<lineNetAmount>400000</lineNetAmount>
							<lineNetAmountHUF>400000</lineNetAmountHUF>
						</lineNetAmountData>
						<lineVatRate>
							<vatPercentage>0.27</vatPercentage>
						</lineVatRate>
						<lineVatData>
							<lineVatAmount>108000</lineVatAmount>
							<lineVatAmountHUF>108000</lineVatAmountHUF>
						</lineVatData>
						<lineGrossAmountData>
							<lineGrossAmountNormal>508000</lineGrossAmountNormal>
							<lineGrossAmountNormalHUF>508000</lineGrossAmountNormalHUF>
						</lineGrossAmountData>
					</lineAmountsNormal>
				</line>
				<line>
					<lineNumber>3</lineNumber>
					<lineModificationReference>
						<lineNumberReference>13</lineNumberReference>
						<lineOperation>CREATE</lineOperation>
					</lineModificationReference>					
					<productCodes>
						<productCode>
							<productCodeCategory>OWN</productCodeCategory>
							<productCodeValue>33333333</productCodeValue>
						</productCode>
					</productCodes>
					<lineExpressionIndicator>true</lineExpressionIndicator>
					<lineNatureIndicator>PRODUCT</lineNatureIndicator>
					<lineDescription>C termék</lineDescription>
					<quantity>3.00</quantity>
					<unitOfMeasure>PIECE</unitOfMeasure>
					<unitPrice>300000</unitPrice>
					<lineAmountsNormal>
						<lineNetAmountData>
							<lineNetAmount>900000</lineNetAmount>
							<lineNetAmountHUF>900000</lineNetAmountHUF>
						</lineNetAmountData>
						<lineVatRate>
							<vatPercentage>0.27</vatPercentage>
						</lineVatRate>
						<lineVatData>
							<lineVatAmount>243000</lineVatAmount>
							<lineVatAmountHUF>243000</lineVatAmountHUF>
						</lineVatData>
						<lineGrossAmountData>
							<lineGrossAmountNormal>1143000</lineGrossAmountNormal>
							<lineGrossAmountNormalHUF>1143000</lineGrossAmountNormalHUF>
						</lineGrossAmountData>
					</lineAmountsNormal>
				</line>
				<line>
					<lineNumber>4</lineNumber>
					<lineModificationReference>
						<lineNumberReference>14</lineNumberReference>
						<lineOperation>CREATE</lineOperation>
					</lineModificationReference>					
					<productCodes>
						<productCode>
							<productCodeCategory>OWN</productCodeCategory>
							<productCodeValue>666666</productCodeValue>
						</productCode>
					</productCodes>
					<lineExpressionIndicator>true</lineExpressionIndicator>
					<lineNatureIndicator>PRODUCT</lineNatureIndicator>
					<lineDescription>F termék</lineDescription>
					<quantity>1.00</quantity>
					<unitOfMeasure>PIECE</unitOfMeasure>
					<unitPrice>600000</unitPrice>
					<lineAmountsNormal>
						<lineNetAmountData>
							<lineNetAmount>600000</lineNetAmount>
							<lineNetAmountHUF>600000</lineNetAmountHUF>
						</lineNetAmountData>
						<lineVatRate>
							<vatPercentage>0.27</vatPercentage>
						</lineVatRate>
						<lineVatData>
							<lineVatAmount>162000</lineVatAmount>
							<lineVatAmountHUF>162000</lineVatAmountHUF>
						</lineVatData>
						<lineGrossAmountData>
							<lineGrossAmountNormal>762000</lineGrossAmountNormal>
							<lineGrossAmountNormalHUF>762000</lineGrossAmountNormalHUF>
						</lineGrossAmountData>
					</lineAmountsNormal>
				</line>
				<line>
					<lineNumber>5</lineNumber>
					<lineModificationReference>
						<lineNumberReference>15</lineNumberReference>
						<lineOperation>CREATE</lineOperation>
					</lineModificationReference>					
					<productCodes>
						<productCode>
							<productCodeCategory>OWN</productCodeCategory>
							<productCodeValue>55555555</productCodeValue>
						</productCode>
					</productCodes>
					<lineExpressionIndicator>true</lineExpressionIndicator>
					<lineNatureIndicator>PRODUCT</lineNatureIndicator>
					<lineDescription>E termék</lineDescription>
					<quantity>5.00</quantity>
					<unitOfMeasure>PIECE</unitOfMeasure>
					<unitPrice>500000</unitPrice>
					<lineAmountsNormal>
						<lineNetAmountData>
							<lineNetAmount>2500000</lineNetAmount>
							<lineNetAmountHUF>2500000</lineNetAmountHUF>
						</lineNetAmountData>
						<lineVatRate>
							<vatPercentage>0.27</vatPercentage>
						</lineVatRate>
						<lineVatData>
							<lineVatAmount>675000</lineVatAmount>
							<lineVatAmountHUF>675000</lineVatAmountHUF>
						</lineVatData>
						<lineGrossAmountData>
							<lineGrossAmountNormal>3175000</lineGrossAmountNormal>
							<lineGrossAmountNormalHUF>3175000</lineGrossAmountNormalHUF>
						</lineGrossAmountData>
					</lineAmountsNormal>
				</line>								
			</invoiceLines>
			<invoiceSummary>
				<summaryNormal>
					<summaryByVatRate>
						<vatRate>
							<vatPercentage>0.27</vatPercentage>
						</vatRate>
						<vatRateNetData>
							<vatRateNetAmount>4500000</vatRateNetAmount>
							<vatRateNetAmountHUF>4500000</vatRateNetAmountHUF>
						</vatRateNetData>
						<vatRateVatData>
							<vatRateVatAmount>1215000</vatRateVatAmount>
							<vatRateVatAmountHUF>1215000</vatRateVatAmountHUF>
						</vatRateVatData>
					</summaryByVatRate>
					<invoiceNetAmount>4500000</invoiceNetAmount>
					<invoiceNetAmountHUF>4500000</invoiceNetAmountHUF>
					<invoiceVatAmount>1215000</invoiceVatAmount>
					<invoiceVatAmountHUF>1215000</invoiceVatAmountHUF>
				</summaryNormal>
				<summaryGrossData>
					<invoiceGrossAmount>5715000</invoiceGrossAmount>
					<invoiceGrossAmountHUF>5715000</invoiceGrossAmountHUF>
				</summaryGrossData>
			</invoiceSummary>
		</invoice>
	</invoiceMain>
</InvoiceData>
