<?xml version="1.0" encoding="UTF-8"?>
<InvoiceData xmlns="http://schemas.nav.gov.hu/OSA/2.0/data" xmlns:xsi="http://www.w3.org/2001/XMLSchema-instance" xsi:schemaLocation="http://schemas.nav.gov.hu/OSA/2.0/data invoiceData.xsd">
	<invoiceNumber>ZZZ000009</invoiceNumber>
	<invoiceIssueDate>2020-05-20</invoiceIssueDate>
	<invoiceMain>
		<invoice>
			<invoiceReference>
				<originalInvoiceNumber>ZZZ000001</originalInvoiceNumber>
				<modifyWithoutMaster>false</modifyWithoutMaster>
				<modificationIndex>1</modificationIndex>
			</invoiceReference>
			<invoiceHead>
				<supplierInfo>
					<supplierTaxNumber>
						<taxpayerId>11111111</taxpayerId>
						<vatCode>2</vatCode>
						<countyCode>42</countyCode>
					</supplierTaxNumber>
					<supplierName>Szállító Kft</supplierName>
					<supplierAddress>
						<detailedAddress>
							<countryCode>HU</countryCode>
							<postalCode>1111</postalCode>
							<city>Budapest</city>
							<streetName>Példa</streetName>
							<publicPlaceCategory>utca</publicPlaceCategory>
							<number>777</number>
							<floor>1.</floor>
							<door>3.</door>
						</detailedAddress>
					</supplierAddress>
					<supplierBankAccountNumber>88888888-66666666-12345678</supplierBankAccountNumber>
				</supplierInfo>
				<customerInfo>
					<customerTaxNumber>
						<taxpayerId>33333333</taxpayerId>
						<vatCode>2</vatCode>
						<countyCode>02</countyCode>
					</customerTaxNumber>
					<customerName>Vevő Kft</customerName>
					<customerAddress>
						<detailedAddress>
							<countryCode>HU</countryCode>
							<postalCode>7600</postalCode>
							<city>Pécs</city>
							<streetName>Kitalált</streetName>
							<publicPlaceCategory>köz</publicPlaceCategory>
							<number>8</number>
						</detailedAddress>
					</customerAddress>
				</customerInfo>
				<invoiceDetail>
<!-- Amennyiben a módosítás az invoiceDetail valamely elemét érinti, úgy az eredeti számla nem változó adatait is meg kell ismételni-->				
					<invoiceCategory>NORMAL</invoiceCategory>
					<invoiceDeliveryDate>2020-06-10</invoiceDeliveryDate>
					<currencyCode>HUF</currencyCode>
					<exchangeRate>1</exchangeRate>
					<paymentMethod>TRANSFER</paymentMethod>
					<invoiceAppearance>PAPER</invoiceAppearance>
					<additionalInvoiceData>
						<dataName>M00001_S0101</dataName>
						<dataDescription>Módosítás oka</dataDescription>
						<dataValue>A ZZ000001 sorszámú számla teljesítés időpontja 2020.05.10 helyett 2020.06.10-re módosul. </dataValue>
					</additionalInvoiceData>
				</invoiceDetail>
			</invoiceHead>
			<invoiceLines>
				<line>
					<lineNumber>1</lineNumber>
					<lineModificationReference>
						<lineNumberReference>6</lineNumberReference>
						<lineOperation>CREATE</lineOperation>
					</lineModificationReference>					
					<productCodes>
						<productCode>
							<productCodeCategory>OWN</productCodeCategory>
							<productCodeValue>66666666</productCodeValue>
						</productCode>
					</productCodes>
					<lineExpressionIndicator>true</lineExpressionIndicator>
					<lineNatureIndicator>PRODUCT</lineNatureIndicator>
					<lineDescription>F termék</lineDescription>
					<quantity>6.00</quantity>
					<unitOfMeasure>PIECE</unitOfMeasure>
					<unitPrice>600000</unitPrice>
					<lineAmountsNormal>
						<lineNetAmountData>
							<lineNetAmount>3600000</lineNetAmount>
							<lineNetAmountHUF>3600000</lineNetAmountHUF>
						</lineNetAmountData>
						<lineVatRate>
							<vatPercentage>0.27</vatPercentage>
						</lineVatRate>
						<lineVatData>
							<lineVatAmount>972000</lineVatAmount>
							<lineVatAmountHUF>972000</lineVatAmountHUF>
						</lineVatData>
						<lineGrossAmountData>
							<lineGrossAmountNormal>4572000</lineGrossAmountNormal>
							<lineGrossAmountNormalHUF>4572000</lineGrossAmountNormalHUF>
						</lineGrossAmountData>
					</lineAmountsNormal>
				</line>
			</invoiceLines>
			<invoiceSummary>
				<summaryNormal>
					<summaryByVatRate>
						<vatRate>
							<vatPercentage>0.27</vatPercentage>
						</vatRate>
						<vatRateNetData>
							<vatRateNetAmount>3600000</vatRateNetAmount>
							<vatRateNetAmountHUF>3600000</vatRateNetAmountHUF>
						</vatRateNetData>
						<vatRateVatData>
							<vatRateVatAmount>972000</vatRateVatAmount>
							<vatRateVatAmountHUF>972000</vatRateVatAmountHUF>
						</vatRateVatData>
					</summaryByVatRate>
					<invoiceNetAmount>3600000</invoiceNetAmount>
					<invoiceNetAmountHUF>3600000</invoiceNetAmountHUF>
					<invoiceVatAmount>972000</invoiceVatAmount>
					<invoiceVatAmountHUF>972000</invoiceVatAmountHUF>
				</summaryNormal>
				<summaryGrossData>
					<invoiceGrossAmount>4572000</invoiceGrossAmount>
					<invoiceGrossAmountHUF>4572000</invoiceGrossAmountHUF>
				</summaryGrossData>
			</invoiceSummary>
		</invoice>
	</invoiceMain>
</InvoiceData>
