<?xml version="1.0" encoding="UTF-8"?>
<InvoiceData xmlns="http://schemas.nav.gov.hu/OSA/2.0/data" xmlns:xsi="http://www.w3.org/2001/XMLSchema-instance" xsi:schemaLocation="http://schemas.nav.gov.hu/OSA/2.0/data invoiceData.xsd">
	<invoiceNumber>ZZZ000009</invoiceNumber>
	<invoiceIssueDate>2020-05-20</invoiceIssueDate>
	<invoiceMain>
		<invoice>
			<invoiceReference>
				<originalInvoiceNumber>ZZZ000001</originalInvoiceNumber>
				<modifyWithoutMaster>false</modifyWithoutMaster>
				<modificationIndex>1</modificationIndex>
			</invoiceReference>
			<invoiceHead>
				<supplierInfo>
					<supplierTaxNumber>
						<taxpayerId>11111111</taxpayerId>
						<vatCode>2</vatCode>
						<countyCode>42</countyCode>
					</supplierTaxNumber>
					<supplierName>Szállító Kft</supplierName>
					<supplierAddress>
						<detailedAddress>
							<countryCode>HU</countryCode>
							<postalCode>1111</postalCode>
							<city>Budapest</city>
							<streetName>Példa</streetName>
							<publicPlaceCategory>utca</publicPlaceCategory>
							<number>777</number>
							<floor>1.</floor>
							<door>3.</door>
						</detailedAddress>
					</supplierAddress>
					<supplierBankAccountNumber>88888888-66666666-12345678</supplierBankAccountNumber>
				</supplierInfo>
				<customerInfo>
					<customerTaxNumber>
						<taxpayerId>33333333</taxpayerId>
						<vatCode>2</vatCode>
						<countyCode>02</countyCode>
					</customerTaxNumber>
					<customerName>Vevő Kft</customerName>
					<customerAddress>
						<detailedAddress>
							<countryCode>HU</countryCode>
							<postalCode>7600</postalCode>
							<city>Pécs</city>
							<streetName>Kitalált</streetName>
							<publicPlaceCategory>köz</publicPlaceCategory>
							<number>8</number>
						</detailedAddress>
					</customerAddress>
				</customerInfo>
				<invoiceDetail>
					<invoiceCategory>NORMAL</invoiceCategory>
					<invoiceDeliveryDate>2020-05-10</invoiceDeliveryDate>
					<currencyCode>HUF</currencyCode>
					<exchangeRate>1</exchangeRate>
					<paymentMethod>TRANSFER</paymentMethod>
					<invoiceAppearance>PAPER</invoiceAppearance>
				</invoiceDetail>
			</invoiceHead>
			<invoiceLines>
				<line>
					<lineNumber>1</lineNumber>
					<lineModificationReference>
						<lineNumberReference>6</lineNumberReference>
						<lineOperation>CREATE</lineOperation>
					</lineModificationReference>					
					<lineExpressionIndicator>false</lineExpressionIndicator>
					<lineNatureIndicator>PRODUCT</lineNatureIndicator>
					<lineDescription>A-E termék 40% kedvezmény minőségi hiba miatt</lineDescription>
					<lineAmountsNormal>
						<lineNetAmountData>
							<lineNetAmount>-2200000</lineNetAmount>
							<lineNetAmountHUF>-2200000</lineNetAmountHUF>
						</lineNetAmountData>
						<lineVatRate>
							<vatPercentage>0.27</vatPercentage>
						</lineVatRate>
						<lineVatData>
							<lineVatAmount>-594000</lineVatAmount>
							<lineVatAmountHUF>-594000</lineVatAmountHUF>
						</lineVatData>
						<lineGrossAmountData>
							<lineGrossAmountNormal>-2794000</lineGrossAmountNormal>
							<lineGrossAmountNormalHUF>-2794000</lineGrossAmountNormalHUF>
						</lineGrossAmountData>
					</lineAmountsNormal>
				</line>
			</invoiceLines>
			<invoiceSummary>
				<summaryNormal>
					<summaryByVatRate>
						<vatRate>
							<vatPercentage>0.27</vatPercentage>
						</vatRate>
						<vatRateNetData>
							<vatRateNetAmount>-2200000</vatRateNetAmount>
							<vatRateNetAmountHUF>-2200000</vatRateNetAmountHUF>
						</vatRateNetData>
						<vatRateVatData>
							<vatRateVatAmount>-594000</vatRateVatAmount>
							<vatRateVatAmountHUF>-594000</vatRateVatAmountHUF>
						</vatRateVatData>
					</summaryByVatRate>
					<invoiceNetAmount>-2200000</invoiceNetAmount>
					<invoiceNetAmountHUF>-2200000</invoiceNetAmountHUF>
					<invoiceVatAmount>-594000</invoiceVatAmount>
					<invoiceVatAmountHUF>-594000</invoiceVatAmountHUF>
				</summaryNormal>
				<summaryGrossData>
					<invoiceGrossAmount>-2794000</invoiceGrossAmount>
					<invoiceGrossAmountHUF>-2794000</invoiceGrossAmountHUF>
				</summaryGrossData>
			</invoiceSummary>
		</invoice>
	</invoiceMain>
</InvoiceData>
