<?xml version="1.0" encoding="UTF-8"?>
<InvoiceData xmlns="http://schemas.nav.gov.hu/OSA/2.0/data" xmlns:xsi="http://www.w3.org/2001/XMLSchema-instance" xsi:schemaLocation="http://schemas.nav.gov.hu/OSA/2.0/data invoiceData.xsd">
	<invoiceNumber>ZZZ000005</invoiceNumber>
	<invoiceIssueDate>2020-05-15</invoiceIssueDate>
	<invoiceMain>
		<invoice>
			<invoiceReference>
				<originalInvoiceNumber>ZZZ000001</originalInvoiceNumber>
				<modifyWithoutMaster>false</modifyWithoutMaster>
				<modificationIndex>1</modificationIndex>
			</invoiceReference>
			<invoiceHead>
				<supplierInfo>
					<supplierTaxNumber>
						<taxpayerId>11111111</taxpayerId>
						<vatCode>2</vatCode>
						<countyCode>42</countyCode>
					</supplierTaxNumber>
					<supplierName>Szállító Kft</supplierName>
					<supplierAddress>
						<detailedAddress>
							<countryCode>HU</countryCode>
							<postalCode>1111</postalCode>
							<city>Budapest</city>
							<streetName>Példa</streetName>
							<publicPlaceCategory>utca</publicPlaceCategory>
							<number>777</number>
							<floor>1.</floor>
							<door>3.</door>
						</detailedAddress>
					</supplierAddress>
					<supplierBankAccountNumber>88888888-66666666-12345678</supplierBankAccountNumber>
				</supplierInfo>
				<customerInfo>
					<customerTaxNumber>
						<taxpayerId>33333333</taxpayerId>
						<vatCode>2</vatCode>
						<countyCode>02</countyCode>
					</customerTaxNumber>
					<customerName>Vevő Kft</customerName>
					<customerAddress>
						<detailedAddress>
							<countryCode>HU</countryCode>
							<postalCode>7600</postalCode>
							<city>Pécs</city>
							<streetName>Kitalált</streetName>
							<publicPlaceCategory>köz</publicPlaceCategory>
							<number>8</number>
						</detailedAddress>
					</customerAddress>
				</customerInfo>
				<invoiceDetail>
					<invoiceCategory>NORMAL</invoiceCategory>
					<invoiceDeliveryDate>2020-05-10</invoiceDeliveryDate>
					<currencyCode>HUF</currencyCode>
					<exchangeRate>1</exchangeRate>
					<paymentMethod>TRANSFER</paymentMethod>
					<paymentDate>2020-05-30</paymentDate>
					<invoiceAppearance>PAPER</invoiceAppearance>
					<additionalInvoiceData>
						<dataName>M00001_S0102</dataName>
						<dataDescription>Módosítás oka</dataDescription>
						<dataValue>A ZZ000001 számla módosítása</dataValue>
					</additionalInvoiceData>
				</invoiceDetail>
			</invoiceHead>
			<invoiceLines>
				<line>
					<lineNumber>1</lineNumber>
					<lineModificationReference>
						<lineNumberReference>1</lineNumberReference>
						<lineOperation>MODIFY</lineOperation>
					</lineModificationReference>
					<productCodes>
						<productCode>
							<productCodeCategory>OWN</productCodeCategory>
							<productCodeValue>111222</productCodeValue>
						</productCode>
					</productCodes>					
					<lineExpressionIndicator>true</lineExpressionIndicator>
					<lineNatureIndicator>PRODUCT</lineNatureIndicator>
					<quantity>0.00</quantity>
					<unitOfMeasure>OWN</unitOfMeasure>
					<unitOfMeasureOwn>SQUARE_METER</unitOfMeasureOwn>
					<unitPrice>0.00</unitPrice>
				</line>
			</invoiceLines>
			<invoiceSummary>
				<summaryNormal>
					<summaryByVatRate>
						<vatRate>
							<vatPercentage>0.27</vatPercentage>
						</vatRate>
						<vatRateNetData>
							<vatRateNetAmount>0</vatRateNetAmount>
							<vatRateNetAmountHUF>0</vatRateNetAmountHUF>
						</vatRateNetData>
						<vatRateVatData>
							<vatRateVatAmount>0</vatRateVatAmount>
							<vatRateVatAmountHUF>0</vatRateVatAmountHUF>
						</vatRateVatData>
					</summaryByVatRate>
					<invoiceNetAmount>0</invoiceNetAmount>
					<invoiceNetAmountHUF>0</invoiceNetAmountHUF>
					<invoiceVatAmount>0</invoiceVatAmount>
					<invoiceVatAmountHUF>0</invoiceVatAmountHUF>
				</summaryNormal>
				<summaryGrossData>
					<invoiceGrossAmount>0</invoiceGrossAmount>
					<invoiceGrossAmountHUF>0</invoiceGrossAmountHUF>
				</summaryGrossData>
			</invoiceSummary>
		</invoice>
	</invoiceMain>
</InvoiceData>
